userID,firstName,lastName,email,phoneNumber,userType
3983320,Rickert,Shillabear,rshillabear0@arstechnica.com,821-193-6912,Employee - EXO
1652350,Prudy,Bankes,pbankes1@hp.com,883-198-2894,Customer
7366970,Mort,Grumble,mgrumble2@zdnet.com,427-165-1452,Customer
3611184,Lyndsay,Rehme,lrehme3@zdnet.com,745-150-3489,Customer
2906608,Marcel,Heims,mheims4@deviantart.com,544-941-6276,Customer
4734710,Darren,Shinton,dshinton5@google.com.au,229-569-7470,Customer
6740300,Murvyn,Vedikhov,mvedikhov6@hatena.ne.jp,499-141-9350,Customer
1429834,Brett,Southam,bsoutham7@columbia.edu,357-714-8554,Employee - EXO
8584398,Cobb,Leehane,cleehane8@istockphoto.com,878-488-9245,Customer
5981121,Rivkah,McGuiney,rmcguiney9@xing.com,704-634-3140,Customer
7489707,Peirce,Bracchi,pbracchia@java.com,270-105-1779,Customer
8498973,Frederik,Levison,flevisonb@google.co.jp,306-825-8766,Customer
8759962,Phyllida,Fores,pforesc@ox.ac.uk,862-928-3064,Customer
2402143,Joannes,Postan,jpostand@illinois.edu,193-862-7981,Customer
1572042,Taddeusz,Ailmer,tailmere@desdev.cn,458-608-3034,Customer
7803048,Selene,Hill,shillf@wikimedia.org,315-779-8209,Customer
1788376,Tomas,Ebbs,tebbsg@csmonitor.com,401-701-5819,Customer
5187425,Shurlocke,Van de Vlies,svandevliesh@cyberchimps.com,356-598-2802,Customer
9053071,Bradley,Sporgeon,bsporgeoni@bbb.org,665-539-8788,Customer
9590444,Grove,Salomon,gsalomonj@mediafire.com,448-263-2487,Customer
2688712,Riley,Slucock,rslucockk@bbb.org,162-533-7958,Customer
7652259,Berkie,Blaszczak,bblaszczakl@com.com,353-776-4486,Customer
7532828,Tanhya,Squibbs,tsquibbsm@edublogs.org,229-974-7360,Customer
9558342,Irita,Sproule,isproulen@rambler.ru,586-769-1498,Customer
9637159,Inglis,Pail,ipailo@si.edu,267-976-3770,Customer
3127439,Eberhard,Pennacci,epennaccip@comcast.net,370-242-9401,Customer
9243350,Marty,Balas,mbalasq@g.co,710-494-3586,Customer
7885753,Babbie,Asgodby,basgodbyr@wisc.edu,426-512-4845,Customer
3627128,Chris,Connelly,cconnellys@marriott.com,883-910-8916,Customer
5167549,Olva,Leadbitter,oleadbittert@ibm.com,971-950-6364,Customer
1423543,Helene,Pampling,hpamplingu@sohu.com,522-992-3525,Customer
3183578,John,Simpson,jsimpsonv@upenn.edu,246-744-3035,Customer
1561710,Blondelle,Ummfrey,bummfreyw@timesonline.co.uk,692-858-0748,Customer
2481537,Rouvin,Colvin,rcolvinx@sitemeter.com,369-525-8894,Customer
6542710,Kameko,Ferber,kferbery@cargocollective.com,389-784-2958,Customer
2734761,Reggy,Erley,rerleyz@sciencedirect.com,402-580-5675,Customer
4675460,Gabie,Wilderspoon,gwilderspoon10@google.fr,681-528-3492,Customer
9539409,Andrey,Ayce,aayce11@parallels.com,575-505-0015,Customer
8700627,Noland,Digby,ndigby12@youtube.com,711-280-3068,Customer
5823171,Nicolle,Tollmache,ntollmache13@newyorker.com,624-583-9126,Customer
9917533,Britni,Side,bside14@blogtalkradio.com,242-778-4364,Customer
1710227,Gilbertine,Buckoke,gbuckoke15@businessweek.com,844-131-7007,Customer
2898344,Lincoln,Hawkslee,lhawkslee16@sciencedaily.com,433-864-1545,Customer
3501522,Zollie,Armall,zarmall17@infoseek.co.jp,490-621-0866,Customer
7608823,Emerson,Dupre,edupre18@simplemachines.org,689-717-3893,Customer
2312172,Roby,Cardenas,rcardenas19@about.com,469-488-2629,Customer
4087209,Marika,Joret,mjoret1a@creativecommons.org,499-977-6172,Customer
2887214,Schuyler,McRavey,smcravey1b@marriott.com,498-761-5006,Customer
8063188,Stu,MacDonnell,smacdonnell1c@nbcnews.com,338-786-0197,Customer
7463105,Artair,William,awilliam1d@github.io,353-171-0148,Customer
4237925,Stavro,Mayler,smayler1e@usatoday.com,445-585-9561,Customer
3998009,Germayne,Baison,gbaison1f@uiuc.edu,741-301-0019,Customer
1190618,Tiffanie,Baumber,tbaumber1g@alibaba.com,335-282-5634,Customer
3143996,Maximilien,Jemison,mjemison1h@aol.com,267-334-5140,Customer
7486290,Conni,Mazillius,cmazillius1i@state.gov,680-653-9587,Customer
9058481,Yehudi,Dorkens,ydorkens1j@myspace.com,313-287-9615,Customer
9820087,Boone,Wernher,bwernher1k@mail.ru,864-853-4865,Customer
4932402,Cathi,Keats,ckeats1l@hubpages.com,350-768-8788,Customer
8197438,Enrika,Van der Kruijs,evanderkruijs1m@dailymotion.com,133-380-7469,Customer
8308600,Adele,Poon,apoon1n@nytimes.com,884-460-9058,Customer
2676074,Lothario,Karlsen,lkarlsen1o@utexas.edu,900-800-9170,Customer
6238956,Ertha,Coiley,ecoiley1p@istockphoto.com,492-693-9647,Customer
1436157,Antonius,Brill,abrill1q@hexun.com,856-815-0222,Customer
1431870,Sheffield,Yakobowitz,syakobowitz1r@wikimedia.org,132-618-5001,Customer
4019469,Talbert,Drakeford,tdrakeford1s@cmu.edu,821-266-2696,Customer
4677779,Davy,Leupoldt,dleupoldt1t@wp.com,846-389-4352,Employee - CDN
4325764,Lucio,Strut,lstrut1u@ocn.ne.jp,326-920-7190,Customer
6858746,Ingrim,Wagnerin,iwagnerin1v@tinypic.com,616-382-6414,Customer
3543304,Marian,Brislawn,mbrislawn1w@apache.org,738-309-1479,Customer
2240696,Kittie,Holdey,kholdey1x@cam.ac.uk,987-331-3459,Customer
2541233,Freeland,Testro,ftestro1y@salon.com,686-246-4382,Customer
5482875,Corbet,Reynold,creynold1z@arizona.edu,850-400-6789,Customer
2947181,Lisabeth,Scamp,lscamp20@angelfire.com,511-563-0815,Customer
8775039,Nikolaos,Domesday,ndomesday21@businesswire.com,980-649-5834,Customer
6335724,Bord,Nawton,bnawton22@businesswire.com,226-268-7849,Customer
9221540,Hyacintha,Clewley,hclewley23@yahoo.com,235-806-2323,Customer
3792498,Karlotte,Warlowe,kwarlowe24@about.me,339-818-0651,Customer
8578115,Tremaine,Pudsall,tpudsall25@mac.com,971-125-1756,Customer
2106584,Stephine,Stace,sstace26@ed.gov,346-563-0274,Customer
4841994,Myrle,Borthwick,mborthwick27@blogtalkradio.com,268-400-1831,Customer
3885211,Lea,Drife,ldrife28@wordpress.com,148-989-3579,Customer
3194623,Oralle,McGlade,omcglade29@fotki.com,164-976-3440,Customer
5089527,Marianne,Fausset,mfausset2a@purevolume.com,757-515-7940,Customer
9084005,Paquito,Lambertz,plambertz2b@4shared.com,786-503-8269,Customer
8756435,Tamera,Scripps,tscripps2c@ning.com,753-596-4380,Customer
8046066,Elmira,Oxbe,eoxbe2d@dropbox.com,849-489-0182,Customer
9601079,Gloria,Prall,gprall2e@goodreads.com,175-641-2167,Customer
3197227,Evangelina,Macellar,emacellar2f@hp.com,728-255-1653,Customer
5141440,Tommie,Cran,tcran2g@taobao.com,102-599-9822,Customer
7823147,Krista,Dorrity,kdorrity2h@cbslocal.com,985-162-7219,Customer
2865956,Malchy,Rosling,mrosling2i@last.fm,183-268-9215,Customer
2878118,Dreddy,Fouldes,dfouldes2j@mapquest.com,945-952-5887,Customer
2559362,Madelon,Ralling,mralling2k@hugedomains.com,987-528-8499,Customer
3496775,Stacy,Craw,scraw2l@ebay.com,924-576-0831,Customer
9482904,Niles,Margetson,nmargetson2m@imgur.com,175-150-3175,Customer
6140866,Nonah,Gilyatt,ngilyatt2n@mozilla.org,582-888-4689,Customer
5661277,Maury,Haspineall,mhaspineall2o@webeden.co.uk,138-869-3500,Customer
3974067,Audrye,Fendlow,afendlow2p@japanpost.jp,467-396-0947,Customer
8172329,Janene,Danaher,jdanaher2q@microsoft.com,333-415-6566,Customer
4821520,Darcee,Golledge,dgolledge2r@cam.ac.uk,598-105-2102,Customer
5940159,Ailis,Girvan,agirvan2s@wired.com,257-249-0720,Customer
3349248,Angy,Geekin,ageekin2t@cloudflare.com,289-451-2591,Customer
1549791,Curtis,Wigg,cwigg2u@rediff.com,780-207-3485,Customer
8746494,Liana,Blackeby,lblackeby2v@posterous.com,907-308-6335,Customer
5310692,Dare,Gorini,dgorini2w@admin.ch,663-865-5930,Customer
6935440,Felecia,Emby,femby2x@house.gov,494-619-5175,Customer
8409877,Baily,Ackroyd,backroyd2y@storify.com,879-911-8565,Customer
7641793,Olivero,Talkington,otalkington2z@php.net,174-905-5244,Customer
4534198,Candy,Kobelt,ckobelt30@t-online.de,423-817-5424,Customer
4506751,Thea,Sheather,tsheather31@uiuc.edu,896-685-7220,Customer
5532431,Berk,Yuille,byuille32@taobao.com,898-143-6333,Customer
9805567,Oriana,Windus,owindus33@soup.io,915-685-2916,Customer
1586191,Fenelia,Gaze,fgaze34@loc.gov,277-540-9407,Customer
8811100,Kimble,Stallen,kstallen35@about.me,139-974-0309,Customer
9288002,Lamar,Mogey,lmogey36@time.com,895-250-1344,Customer
8038194,Lorrie,Balk,lbalk37@bloglines.com,235-197-5726,Employee - CDN
4050373,Suki,Poncet,sponcet38@mapy.cz,289-534-3707,Customer
6168419,Kerianne,Whicher,kwhicher39@utexas.edu,869-457-8053,Customer
8328314,Cookie,Stiggles,cstiggles3a@youku.com,547-224-6143,Customer
2933406,Livvy,Mc Gee,lmcgee3b@netlog.com,621-225-9531,Customer
7965458,Nolly,Gowdie,ngowdie3c@huffingtonpost.com,490-322-8457,Customer
9433354,Tawsha,Juarez,tjuarez3d@hostgator.com,920-843-5693,Customer
1166009,Kingsley,Matousek,kmatousek3e@youtube.com,331-656-8513,Customer
4767077,Karry,Fillis,kfillis3f@ocn.ne.jp,216-643-0264,Customer
3124574,Anatole,Spilisy,aspilisy3g@squarespace.com,338-788-6543,Customer
5928905,Andrej,Peacock,apeacock3h@jimdo.com,889-507-4623,Customer
3962783,Garrik,Cragell,gcragell3i@quantcast.com,174-487-0622,Customer
9155673,Carter,Rossbrooke,crossbrooke3j@a8.net,511-770-0913,Customer
5998338,Lowe,Goaley,lgoaley3k@jalbum.net,254-916-5609,Customer
8381286,Meridith,McCafferky,mmccafferky3l@jiathis.com,361-611-8464,Customer
5354451,Valli,Danter,vdanter3m@geocities.jp,767-112-2322,Customer
4652479,Lorrin,McCaffery,lmccaffery3n@dagondesign.com,619-734-4264,Customer
2647071,Roxine,Rodda,rrodda3o@nbcnews.com,462-415-8629,Customer
3648713,Adel,Fairbourn,afairbourn3p@bravesites.com,198-268-0978,Customer
5087092,Kendre,Shadbolt,kshadbolt3q@boston.com,696-482-2790,Customer
6115495,Jolene,Charlotte,jcharlotte3r@chronoengine.com,866-770-8102,Customer
2237471,Kippie,Pasticznyk,kpasticznyk3s@sourceforge.net,715-411-5597,Customer
9436022,Morgen,Jeayes,mjeayes3t@unicef.org,858-535-8979,Customer
9330229,Roberto,Pignon,rpignon3u@prlog.org,162-354-6138,Customer
8754357,Meade,Stinton,mstinton3v@creativecommons.org,399-512-4621,Customer
1010879,Waring,Capnerhurst,wcapnerhurst3w@bloglines.com,482-242-4805,Customer
9363340,Royce,Moulder,rmoulder3x@bizjournals.com,720-526-2465,Customer
6355045,Micki,McEneny,mmceneny3y@nih.gov,713-282-3342,Customer
1000216,Arnaldo,Caldroni,acaldroni3z@e-recht24.de,587-711-9625,Customer
8959186,Natalie,Jarritt,njarritt40@theglobeandmail.com,817-735-1182,Customer
3672464,Weston,Kensington,wkensington41@pen.io,938-450-9219,Customer
1898360,Berkley,Charlon,bcharlon42@opera.com,927-419-1772,Customer
2891820,Gerome,Stepney,gstepney43@who.int,694-665-8403,Customer
5419656,Pandora,Lemmon,plemmon44@elpais.com,404-599-0591,Customer
1516290,Virge,Mapham,vmapham45@google.com.au,779-662-0307,Customer
4236628,Demott,Ashbrook,dashbrook46@123-reg.co.uk,564-545-2712,Customer
3042074,Jesse,Cella,jcella47@artisteer.com,939-157-7587,Customer
4646770,Emmerich,Gley,egley48@live.com,773-123-2397,Customer
4547113,Addie,Thunderchief,athunderchief49@goodreads.com,737-746-0999,Customer
5996336,Dacia,Cristofol,dcristofol4a@barnesandnoble.com,145-455-2677,Customer
2440903,Bourke,Gaspero,bgaspero4b@jalbum.net,626-289-9806,Customer
3501006,Ganny,Haysman,ghaysman4c@naver.com,967-897-4873,Customer
5042317,Susanne,Hartegan,shartegan4d@diigo.com,815-757-3536,Customer
3462178,Adolphe,Lilleyman,alilleyman4e@oracle.com,248-389-4311,Customer
2576190,Mariana,Habbes,mhabbes4f@seattletimes.com,309-699-0789,Customer
7051099,Claudio,Greveson,cgreveson4g@yellowbook.com,511-468-6906,Customer
6107431,Dukie,Behrend,dbehrend4h@gravatar.com,714-134-7249,Customer
4424250,Halsey,Minor,hminor4i@ucoz.ru,188-251-5996,Customer
7758108,Alica,Sweatland,asweatland4j@bizjournals.com,936-442-3973,Customer
5471013,Violette,Brommage,vbrommage4k@elegantthemes.com,372-334-7939,Customer
6724975,Audre,Test,atest4l@cpanel.net,590-347-9497,Customer
8154597,Pepita,Mounce,pmounce4m@jalbum.net,504-668-3914,Customer
7916959,Mirilla,Durnian,mdurnian4n@is.gd,123-932-9303,Customer
8507062,Karna,Ralling,kralling4o@sfgate.com,850-693-9006,Customer
8630765,Lissa,Terrill,lterrill4p@sourceforge.net,209-886-7531,Customer
9502820,Fabian,Kochs,fkochs4q@fc2.com,160-816-2047,Customer
2845061,Alvera,Whetnell,awhetnell4r@jiathis.com,816-211-4606,Customer
1882948,Hewett,Standish-Brooks,hstandishbrooks4s@usgs.gov,810-400-7664,Customer
6084549,Holly,Le Lievre,hlelievre4t@virginia.edu,787-490-0213,Customer
1806910,Bron,Staynes,bstaynes4u@naver.com,114-349-7142,Customer
4334655,Heywood,Stallwood,hstallwood4v@cornell.edu,546-727-5930,Customer
6866710,Israel,MacAleese,imacaleese4w@moonfruit.com,839-762-0642,Customer
8302148,Edik,Prichet,eprichet4x@intel.com,398-798-2340,Customer
8423086,Burnard,Hardey,bhardey4y@w3.org,995-342-0221,Customer
3962083,Vince,Wortt,vwortt4z@mysql.com,807-505-8798,Customer
4311161,Jessee,Origan,jorigan50@cisco.com,954-947-3592,Customer
1697217,Sheffie,Copins,scopins51@wikia.com,723-460-0628,Customer
8873164,Wynnie,Vasic,wvasic52@taobao.com,156-823-2939,Customer
1590913,Angel,Canada,acanada53@diigo.com,125-497-0757,Customer
3007491,Juditha,Biers,jbiers54@github.com,761-467-2803,Customer
3532019,Ferdinand,Plunkett,fplunkett55@prnewswire.com,194-849-9542,Customer
6942286,Bab,Schlagh,bschlagh56@cbsnews.com,121-582-5386,Customer
2045744,Clem,Vischi,cvischi57@a8.net,450-918-0779,Customer
7238152,Michelina,Lorking,mlorking58@comsenz.com,515-733-1115,Customer
5548211,Evelina,Hemms,ehemms59@illinois.edu,123-754-6987,Customer
9778822,Sisile,Wisbey,swisbey5a@skype.com,920-601-5042,Customer
5015707,Timotheus,Champain,tchampain5b@list-manage.com,989-464-7974,Customer
8100809,Van,Balassi,vbalassi5c@discuz.net,659-183-0113,Customer
4760006,Gallard,Scrowby,gscrowby5d@flickr.com,263-504-5968,Customer
7650933,Martino,Reboulet,mreboulet5e@acquirethisname.com,100-569-7911,Customer
7390718,Madelaine,Rossiter,mrossiter5f@microsoft.com,285-695-6138,Customer
1447838,Ingeberg,Slemmonds,islemmonds5g@prlog.org,347-680-7742,Customer
9687071,Darrick,Diter,dditer5h@desdev.cn,972-241-9411,Customer
5001310,Emogene,Zeal,ezeal5i@imdb.com,526-606-2161,Customer
2903159,Truman,Bridgens,tbridgens5j@epa.gov,568-925-5149,Customer
1002150,Tomaso,Tivenan,ttivenan5k@sbwire.com,882-665-7109,Customer
6220485,Evangelin,Winthrop,ewinthrop5l@mac.com,524-981-9248,Customer
6049333,Bert,Kimmings,bkimmings5m@yolasite.com,793-220-5355,Customer
6804558,Caro,Roddy,croddy5n@twitter.com,894-867-0153,Customer
2764724,Daveen,O'Mara,domara5o@acquirethisname.com,899-166-8288,Customer
7040568,Klara,Carne,kcarne5p@phpbb.com,863-780-2860,Customer
9310979,Abramo,Mellor,amellor5q@bloglovin.com,779-612-9261,Customer
7235486,Horatia,Brinkworth,hbrinkworth5r@elpais.com,722-334-1045,Customer
6815242,Gloriana,Lammers,glammers5s@edublogs.org,898-870-4039,Customer
1612060,Worden,Gage,wgage5t@360.cn,253-244-9884,Customer
4612203,Warren,Howchin,whowchin5u@chicagotribune.com,785-429-4401,Customer
2815226,Abe,Berdale,aberdale5v@biblegateway.com,921-670-8484,Customer
5247882,Angelique,Dobbinson,adobbinson5w@vinaora.com,436-909-2437,Customer
4489700,Jedidiah,Morffew,jmorffew5x@amazon.co.uk,260-294-8946,Customer
5419155,Arv,Haller,ahaller5y@unesco.org,572-550-7078,Customer
6163984,Guinna,Lunbech,glunbech5z@php.net,658-781-2907,Customer
9827799,Anstice,Greenhall,agreenhall60@ehow.com,737-954-8419,Customer
7678568,Diarmid,Chazerand,dchazerand61@imdb.com,330-358-0288,Customer
9267098,Lovell,Le Friec,llefriec62@multiply.com,151-764-2172,Customer
9989719,Tamma,Tilly,ttilly63@taobao.com,520-516-4907,Customer
6840291,Ferdinande,Northcott,fnorthcott64@gnu.org,152-239-1812,Customer
4656531,Julie,Pratley,jpratley65@cnet.com,254-835-3318,Customer
8430971,Issi,Gerriessen,igerriessen66@edublogs.org,729-880-2098,Customer
2396185,Dasi,Spalding,dspalding67@1688.com,772-484-5082,Customer
4307092,Baird,Thirlwall,bthirlwall68@rediff.com,853-579-2947,Customer
1760327,Rudolfo,Charnock,rcharnock69@thetimes.co.uk,652-534-3240,Customer
4473833,Avrit,Wragge,awragge6a@state.gov,515-947-8879,Customer
8169940,Darin,Dell Casa,ddellcasa6b@plala.or.jp,969-510-9897,Customer
3201236,Ephrem,Sanpere,esanpere6c@photobucket.com,972-332-7318,Customer
9625616,Giulietta,Penrith,gpenrith6d@msn.com,384-427-9537,Customer
1820649,Marlin,Rodgerson,mrodgerson6e@tinyurl.com,387-466-2850,Customer
3098762,Cori,Lemmen,clemmen6f@purevolume.com,907-975-6969,Customer
7809211,Christoforo,Eckford,ceckford6g@1und1.de,519-981-2332,Customer
8479717,Derrick,Martinello,dmartinello6h@comcast.net,869-261-3504,Customer
3656434,Dee dee,Aberchirder,daberchirder6i@ycombinator.com,230-775-4240,Customer
7185343,Darcee,De L'Isle,ddelisle6j@engadget.com,499-203-4465,Customer
1918665,Galven,Poetz,gpoetz6k@youku.com,455-426-2239,Customer
4526197,Marcus,Nestle,mnestle6l@istockphoto.com,977-776-8560,Customer
4983122,Kayla,Bradman,kbradman6m@blinklist.com,202-695-6079,Customer
9185573,Hilary,Freezer,hfreezer6n@apache.org,117-966-5027,Customer
8562199,Merralee,Bridle,mbridle6o@yahoo.co.jp,527-816-8244,Customer
1512447,Paola,McArdell,pmcardell6p@blog.com,754-465-7920,Customer
7398268,Zared,Fillimore,zfillimore6q@bing.com,342-414-0038,Customer
3924644,Giorgio,McAuslene,gmcauslene6r@furl.net,307-429-3564,Customer
5410163,Barton,MacCook,bmaccook6s@google.es,708-706-4395,Customer
4626864,Shayne,Laurens,slaurens6t@illinois.edu,978-635-6071,Customer
7915669,Bunni,McCallam,bmccallam6u@youtube.com,175-557-0581,Customer
7271589,Christi,Hembling,chembling6v@amazon.co.jp,185-692-2151,Customer
5113428,Cirstoforo,Keeley,ckeeley6w@hud.gov,105-337-5296,Customer
7326137,Malina,Maudling,mmaudling6x@mail.ru,109-439-1600,Customer
3640992,Hector,De la Yglesia,hdelayglesia6y@shutterfly.com,749-184-7899,Customer
9111233,Tann,Pennells,tpennells6z@blogs.com,869-893-8695,Customer
5963344,Lek,Searchwell,lsearchwell70@barnesandnoble.com,347-400-0128,Customer
4026803,Sigrid,Dalgety,sdalgety71@un.org,869-846-6073,Customer
8507774,Bobina,Ives,bives72@sphinn.com,689-978-2099,Customer
8198789,Deanne,Olwen,dolwen73@ustream.tv,141-207-5977,Customer
1362481,Nicholle,Georgeau,ngeorgeau74@netvibes.com,233-670-7088,Customer
2360361,Willdon,Linden,wlinden75@yale.edu,172-477-2185,Customer
7796945,Sue,Bourke,sbourke76@cdc.gov,259-937-6549,Customer
3798538,Sophie,Leyfield,sleyfield77@vistaprint.com,571-840-7414,Customer
3489598,Cris,Pleace,cpleace78@blog.com,202-149-7205,Customer
5164934,Zedekiah,Tharme,ztharme79@arstechnica.com,244-673-2155,Customer
4174972,Shanon,Prinett,sprinett7a@addtoany.com,903-976-7518,Customer
3688342,Stanfield,Freegard,sfreegard7b@buzzfeed.com,513-183-7434,Customer
3691387,Charmain,Danslow,cdanslow7c@techcrunch.com,365-371-9581,Customer
3698122,Lulu,Tesmond,ltesmond7d@reverbnation.com,679-413-2189,Customer
7155649,Creigh,Opy,copy7e@bing.com,663-474-9522,Customer
4874168,Humphrey,Bortolomei,hbortolomei7f@sfgate.com,434-382-5541,Customer
4223807,Ofelia,Crowe,ocrowe7g@google.com.au,592-444-9117,Customer
5971918,Gustaf,Killerby,gkillerby7h@webs.com,883-934-3382,Customer
1300658,Gino,Merrett,gmerrett7i@economist.com,152-519-3210,Customer
5613210,Pattie,Levings,plevings7j@columbia.edu,188-729-0200,Customer
2454181,Lauren,Franzen,lfranzen7k@nih.gov,827-191-9042,Customer
7726723,Trina,Rulten,trulten7l@reverbnation.com,885-629-6429,Customer
1106164,Auria,Pagin,apagin7m@accuweather.com,831-276-2561,Customer
7228819,Darelle,Greaves,dgreaves7n@facebook.com,673-802-9627,Customer
2515094,Carney,Pinching,cpinching7o@alibaba.com,201-234-3195,Customer
9034982,Sherlocke,Jodrelle,sjodrelle7p@timesonline.co.uk,350-695-9819,Customer
3658168,Cindee,Sauvan,csauvan7q@imdb.com,937-313-8294,Customer
7552616,Sallyann,Meus,smeus7r@adobe.com,719-325-3215,Customer
7141927,Erinna,Bow,ebow7s@wsj.com,365-828-1128,Customer
7490612,Felecia,Robinet,frobinet7t@constantcontact.com,312-985-1983,Customer
6563601,Rawley,Barras,rbarras7u@boston.com,337-426-8266,Customer
5699579,Christoph,Feyer,cfeyer7v@tripadvisor.com,633-943-3435,Customer
2794923,Celestyn,Highnam,chighnam7w@hp.com,560-955-6013,Customer
5248260,Mercy,Stillmann,mstillmann7x@pinterest.com,184-879-2078,Customer
4768422,Hubey,Ocklin,hocklin7y@cloudflare.com,974-487-3405,Customer
1957896,Emmit,Forgan,eforgan7z@unblog.fr,954-880-3178,Customer
8311808,Ryan,Giorgio,rgiorgio80@flavors.me,902-759-8076,Customer
2970928,Cherianne,Chesser,cchesser81@soundcloud.com,296-349-0904,Customer
2143203,Felic,Leyrroyd,fleyrroyd82@themeforest.net,715-351-5396,Customer
3423264,Malvin,Laraway,mlaraway83@bing.com,766-235-8514,Customer
6829026,Giordano,Elmhirst,gelmhirst84@europa.eu,617-163-8744,Customer
6315702,Luci,Aspy,laspy85@discuz.net,314-852-3149,Customer
4614891,Myrtice,Stenhouse,mstenhouse86@mit.edu,359-250-1137,Customer
5586023,Sharla,Hardingham,shardingham87@prnewswire.com,544-947-4334,Customer
9605414,Bibby,MacAllister,bmacallister88@mozilla.org,713-132-7332,Customer
7178024,Harvey,Jimson,hjimson89@smh.com.au,989-985-0516,Customer
8162819,Hettie,Tellenbrook,htellenbrook8a@yellowpages.com,381-372-4518,Customer
5863057,Dinah,Fogden,dfogden8b@marriott.com,613-498-2886,Customer
8812627,Leonanie,Rigden,lrigden8c@yandex.ru,836-771-0643,Customer
6042053,Fairfax,Ilchenko,filchenko8d@themeforest.net,375-698-6294,Customer
6623243,Rhea,Fromant,rfromant8e@discovery.com,208-320-8361,Customer
8191027,Josey,Blaycock,jblaycock8f@jigsy.com,313-235-2412,Customer
3095789,Omar,Merryweather,omerryweather8g@sphinn.com,220-212-0288,Customer
1488467,Laurie,Bazell,lbazell8h@arizona.edu,119-764-7617,Customer
9282077,Patrice,Stevani,pstevani8i@hugedomains.com,137-562-8136,Customer
5855135,Em,Dolohunty,edolohunty8j@narod.ru,822-984-2263,Customer
7632975,Colin,Belhomme,cbelhomme8k@walmart.com,929-670-9648,Customer
7092780,Alli,Foley,afoley8l@toplist.cz,140-653-3310,Customer
8231945,Tito,Minney,tminney8m@w3.org,838-214-6183,Customer
4939712,Tammy,Digg,tdigg8n@princeton.edu,442-617-8650,Customer
2405560,Raphael,Lack,rlack8o@imageshack.us,761-426-9406,Customer
5759979,Hillery,Brader,hbrader8p@php.net,741-823-3445,Customer
7793884,Saudra,MacAree,smacaree8q@instagram.com,796-330-7914,Customer
1081266,Peadar,Digwood,pdigwood8r@redcross.org,946-423-0730,Customer
3048383,Floris,Erswell,ferswell8s@harvard.edu,977-440-3838,Customer
6457671,Nap,Orridge,norridge8t@jimdo.com,306-996-6641,Customer
5519001,Forest,Cripwell,fcripwell8u@nytimes.com,532-637-1643,Customer
5616744,Blinnie,Moreno,bmoreno8v@clickbank.net,108-453-4157,Customer
1922396,Reta,Guy,rguy8w@homestead.com,601-423-1878,Customer
4173437,Doreen,Ram,dram8x@symantec.com,200-928-7947,Customer
8193374,Zacharie,Weald,zweald8y@nyu.edu,400-447-0008,Customer
6346049,Leandra,Everex,leverex8z@ebay.com,958-828-8572,Customer
9417583,Toby,Losty,tlosty90@theglobeandmail.com,536-717-0115,Customer
9178226,Cody,Stearn,cstearn91@imageshack.us,585-172-6618,Customer
6072735,Gerta,Yurshev,gyurshev92@trellian.com,364-172-6694,Customer
6365658,Niven,Santore,nsantore93@indiegogo.com,453-988-3890,Customer
6985081,Trenton,Gieves,tgieves94@cnbc.com,471-856-0446,Customer
6723576,Cornie,Hammant,chammant95@springer.com,887-620-8213,Customer
5721430,Millicent,Sedgebeer,msedgebeer96@nsw.gov.au,156-453-6129,Customer
9984001,Torre,Dacca,tdacca97@va.gov,261-967-4482,Customer
9331732,Neil,Willicott,nwillicott98@symantec.com,754-176-5103,Customer
9541339,Godfree,Pollicote,gpollicote99@kickstarter.com,715-647-1557,Customer
7773274,Earl,Normington,enormington9a@elegantthemes.com,188-659-8565,Customer
3139076,Arluene,Burbridge,aburbridge9b@unesco.org,575-250-5365,Customer
5529004,Ciro,Whiff,cwhiff9c@google.it,419-765-1812,Customer
5514058,Malanie,Skipworth,mskipworth9d@noaa.gov,420-228-4731,Customer
2045194,Evonne,Dimbylow,edimbylow9e@disqus.com,376-799-2461,Customer
1574200,Loleta,Kubera,lkubera9f@tamu.edu,361-988-9024,Employee - CDN
8569055,Bobine,Eaton,beaton9g@noaa.gov,908-772-0873,Customer
4775334,Rabbi,Geffcock,rgeffcock9h@wired.com,407-359-0250,Customer
6522426,Penn,Elderbrant,pelderbrant9i@sitemeter.com,766-823-8194,Customer
3667701,Falito,Eland,feland9j@cloudflare.com,180-482-7187,Customer
1900947,Joella,Lethem,jlethem9k@wired.com,894-878-2193,Customer
7561900,Shay,Blanchette,sblanchette9l@senate.gov,516-474-9780,Customer
7963919,Jessica,Payton,jpayton9m@addtoany.com,343-339-0362,Customer
3149398,Maryann,Mowling,mmowling9n@yellowbook.com,411-206-2587,Customer
3901668,Auguste,Stratiff,astratiff9o@latimes.com,674-152-8168,Customer
5412232,Auguste,Lambertini,alambertini9p@a8.net,632-957-7862,Customer
4502794,Agace,Le Huquet,alehuquet9q@ftc.gov,442-209-6515,Customer
8690577,Marge,Orniz,morniz9r@clickbank.net,689-848-3383,Customer
5469339,Sigismondo,Screas,sscreas9s@pbs.org,529-625-5565,Customer
4476792,Lotte,Iacomo,liacomo9t@barnesandnoble.com,417-788-1457,Customer
7278227,Cairistiona,O'Mullally,comullally9u@google.co.jp,568-562-1273,Customer
4055778,Rutledge,Preator,rpreator9v@bloglovin.com,249-661-8464,Customer
3613668,Jorie,Kenewel,jkenewel9w@hhs.gov,375-771-6387,Customer
4391358,Kermit,Corneil,kcorneil9x@seattletimes.com,908-921-6569,Customer
5374858,Weber,Mathivon,wmathivon9y@bandcamp.com,616-355-6967,Customer
9437027,Durward,Pledger,dpledger9z@liveinternet.ru,917-657-7614,Customer
9726430,Diane,Venn,dvenna0@last.fm,534-406-8219,Customer
5253725,Dyana,Keetch,dkeetcha1@dagondesign.com,259-714-5283,Customer
4362219,Glynda,Doveston,gdovestona2@sitemeter.com,996-454-2737,Customer
3055847,Imogene,Vaissiere,ivaissierea3@google.com.au,684-484-7058,Customer
1193422,Sonya,Wadhams,swadhamsa4@ehow.com,516-439-5242,Customer
7037212,Nanette,Heintsch,nheintscha5@weather.com,230-736-4654,Customer
6988334,Louis,Wenn,lwenna6@tmall.com,500-453-2939,Customer
2787761,Nessa,Kimbrey,nkimbreya7@usda.gov,203-880-7576,Customer
5312651,Otha,Eliez,oelieza8@accuweather.com,346-589-2086,Customer
5045704,Cad,Willars,cwillarsa9@fc2.com,520-221-7649,Customer
7290001,Clayson,Prantl,cprantlaa@nbcnews.com,564-460-7033,Customer
7745835,Keane,Castelijn,kcastelijnab@twitpic.com,803-246-5945,Customer
5296837,Goldina,Betteson,gbettesonac@mashable.com,933-520-2724,Customer
7406420,Helge,Szimoni,hszimoniad@yahoo.co.jp,582-849-1704,Customer
6885147,Jermain,Eliez,jeliezae@wikipedia.org,650-699-9493,Customer
5793169,Chicky,Yemm,cyemmaf@typepad.com,598-696-4572,Customer
1932346,Lavena,Robet,lrobetag@usatoday.com,687-137-2455,Customer
2702062,Ramsey,Pierri,rpierriah@t.co,633-573-9101,Customer
3850904,Cassaundra,Samwayes,csamwayesai@liveinternet.ru,877-250-6791,Customer
7157314,Konstanze,Howard,khowardaj@bbb.org,415-327-4471,Customer
9406053,Roseanna,Segrave,rsegraveak@amazon.co.jp,805-726-3730,Customer
7419545,Hilton,Dumberell,hdumberellal@nationalgeographic.com,263-781-1639,Customer
2476095,Blane,Elphey,belpheyam@ucoz.com,530-795-2887,Customer
4778709,Byrom,Raiman,braimanan@themeforest.net,827-618-4296,Customer
6041286,Tammi,Wordsworth,twordsworthao@reddit.com,784-550-2483,Customer
2839674,Ariel,Faulkner,afaulknerap@jugem.jp,797-406-1917,Customer
9997501,Morse,Longea,mlongeaaq@reverbnation.com,807-508-2656,Customer
7742300,Mariana,Boldra,mboldraar@comsenz.com,770-979-3930,Customer
3202451,Vinny,Wardhough,vwardhoughas@wsj.com,509-249-6097,Customer
1688066,Wren,Bostick,wbostickat@bbb.org,465-548-4116,Customer
6853890,Milt,Peat,mpeatau@photobucket.com,209-404-4622,Customer
4498946,Davita,Boles,dbolesav@redcross.org,612-264-1152,Customer
2090638,Ryann,Penhale,rpenhaleaw@google.pl,371-486-6765,Customer
6719231,Ealasaid,Sewards,esewardsax@umich.edu,488-853-8775,Customer
6746977,Leia,Desesquelle,ldesesquelleay@wp.com,672-704-8899,Customer
9028952,Humbert,Rignall,hrignallaz@wunderground.com,973-736-2654,Customer
2955423,Grover,Rosenberger,grosenbergerb0@weebly.com,339-886-6059,Customer
1516924,Aaren,Durnford,adurnfordb1@earthlink.net,894-718-5526,Customer
3388609,Gannie,Pelcheur,gpelcheurb2@dion.ne.jp,926-495-3348,Customer
7183736,Misha,Glasscoo,mglasscoob3@i2i.jp,648-112-1732,Customer
9041457,Melinda,Bute,mbuteb4@cnn.com,192-910-2406,Customer
6084502,Dov,Kilcullen,dkilcullenb5@cnet.com,194-463-9469,Customer
9286544,Sol,Jacombs,sjacombsb6@histats.com,178-470-2591,Customer
7759923,Dorisa,Biddell,dbiddellb7@php.net,663-297-0437,Customer
2648386,Stella,Stack,sstackb8@webmd.com,904-919-5727,Customer
9572558,Chad,Riddles,criddlesb9@geocities.com,522-806-0079,Customer
6101550,Lani,Skill,lskillba@ftc.gov,166-246-5244,Customer
5709915,Mayer,Haycox,mhaycoxbb@ustream.tv,176-309-8674,Customer
4912598,Avie,Uebel,auebelbc@nps.gov,941-925-2230,Customer
1121359,Rey,Gogan,rgoganbd@w3.org,717-239-1020,Customer
6807621,Lindsey,Sturt,lsturtbe@webeden.co.uk,902-818-3828,Customer
5212410,Guendolen,Coulman,gcoulmanbf@sohu.com,992-965-3184,Customer
7995041,Ronnie,Holdall,rholdallbg@studiopress.com,464-889-4589,Customer
1541447,Obidiah,Ludgrove,oludgrovebh@nba.com,868-857-0133,Customer
8516474,Uriel,Olivetti,uolivettibi@google.nl,950-727-4983,Customer
6657514,Oates,Le Teve,oletevebj@bravesites.com,695-132-8270,Customer
4549554,Natalie,Hukin,nhukinbk@amazon.co.uk,674-211-1341,Customer
7500660,Colin,Dossantos,cdossantosbl@yellowbook.com,893-600-5677,Customer
7081043,Corinna,Darch,cdarchbm@yahoo.co.jp,850-919-9029,Customer
3899362,Laura,Extall,lextallbn@chicagotribune.com,326-154-1541,Customer
8290729,Shem,Caltun,scaltunbo@ifeng.com,396-505-8719,Customer
6918999,Lydon,Beardwell,lbeardwellbp@state.tx.us,963-429-1334,Customer
2126075,Tarah,Cummine,tcumminebq@chronoengine.com,564-370-0774,Customer
1175767,Lisa,Sustins,lsustinsbr@nbcnews.com,122-274-9715,Customer
4022537,Sybil,Hinze,shinzebs@sakura.ne.jp,590-782-2206,Customer
1573309,Shelly,Behnen,sbehnenbt@printfriendly.com,529-618-7374,Customer
3521872,Saloma,Rodliff,srodliffbu@trellian.com,363-371-7815,Customer
4086372,Laurene,Haggerwood,lhaggerwoodbv@wikipedia.org,692-710-1287,Customer
3079228,Philis,Ackery,packerybw@salon.com,443-259-1726,Customer
6952737,Meryl,De Domenici,mdedomenicibx@comcast.net,882-729-8744,Customer
4423592,Antonella,Gibke,agibkeby@ox.ac.uk,198-159-7264,Customer
6712584,Arlana,Brawley,abrawleybz@studiopress.com,349-370-6058,Customer
8966272,Gleda,Cotter,gcotterc0@scribd.com,409-628-9020,Employee - CDN
1155046,Chane,Wyeth,cwyethc1@apple.com,192-239-5032,Customer
5644315,Catrina,Ingerfield,cingerfieldc2@123-reg.co.uk,102-517-1091,Employee - CDN
1791428,Salaidh,Flintoft,sflintoftc3@t.co,460-430-7860,Customer
2981356,Fanchon,Livermore,flivermorec4@telegraph.co.uk,256-542-6262,Customer
3313167,Noam,Houchen,nhouchenc5@paypal.com,456-862-3412,Customer
1004268,Godiva,Lodin,glodinc6@shinystat.com,267-249-9936,Customer
2894189,Julianne,Dufaire,jdufairec7@clickbank.net,889-705-6138,Customer
8609060,Marven,Bilborough,mbilboroughc8@blogtalkradio.com,134-850-5491,Customer
9495295,Daniella,Biggadyke,dbiggadykec9@oakley.com,167-730-3011,Customer
2994382,Lazar,Baly,lbalyca@ezinearticles.com,612-741-9555,Customer
5475277,Berty,Eskrick,beskrickcb@whitehouse.gov,557-844-5944,Customer
3956102,Kimble,Kattenhorn,kkattenhorncc@smugmug.com,789-742-8048,Customer
4103728,Trudey,MacAndie,tmacandiecd@artisteer.com,955-914-5689,Customer
7104365,Fayette,Benettolo,fbenettoloce@soundcloud.com,725-202-8454,Customer
6339657,Eldridge,Sweeny,esweenycf@google.ru,805-321-1031,Customer
2635410,Lydie,Stanton,lstantoncg@ustream.tv,295-269-2848,Customer
3320720,Horst,McMurraya,hmcmurrayach@newsvine.com,997-472-9255,Customer
2705459,Maurene,Gilsthorpe,mgilsthorpeci@ebay.co.uk,376-819-5898,Customer
9691123,Easter,Tibols,etibolscj@icq.com,115-770-4647,Customer
7916658,Cecile,Carass,ccarassck@cbsnews.com,672-177-3632,Customer
6629012,Skip,Van Der Vlies,svandervliescl@soundcloud.com,190-630-6807,Customer
5725115,Orville,Gaylord,ogaylordcm@comcast.net,545-132-2610,Customer
6127495,Elfrida,Milborn,emilborncn@tmall.com,461-986-4471,Customer
8732934,Jobina,Wellings,jwellingsco@shinystat.com,718-943-8753,Customer
9195068,Brooke,Grishukhin,bgrishukhincp@meetup.com,343-521-0679,Customer
2489277,Grady,Lummus,glummuscq@blogspot.com,308-231-7307,Customer
9045549,Esdras,Diaper,ediapercr@discovery.com,521-880-7042,Customer
5537357,Remington,Sibylla,rsibyllacs@ezinearticles.com,618-634-6309,Customer
9769391,Burton,Maddison,bmaddisonct@sitemeter.com,492-248-5478,Customer
4842976,Nicoli,Stains,nstainscu@artisteer.com,933-148-7196,Customer
9162568,Licha,Altree,laltreecv@unicef.org,825-158-5058,Customer
9250733,Dolf,Yurinov,dyurinovcw@un.org,506-753-1488,Customer
9858930,Caddric,Danick,cdanickcx@comsenz.com,381-216-7759,Customer
2399590,Rolph,Soldan,rsoldancy@google.it,178-198-9196,Customer
4129313,Shanon,Abrahamsen,sabrahamsencz@yellowbook.com,913-278-8717,Customer
4750655,Drucy,Furmagier,dfurmagierd0@mit.edu,375-650-2121,Customer
5257372,Anselm,Sergent,asergentd1@chicagotribune.com,497-339-1229,Customer
6968971,Ashly,Bover,aboverd2@bluehost.com,207-273-6429,Customer
9101983,Sabra,Thrush,sthrushd3@taobao.com,879-324-1335,Customer
1872419,Dennie,Schimaschke,dschimaschked4@sina.com.cn,222-628-7162,Customer
4114714,Ruby,Bly,rblyd5@bloglines.com,131-717-9373,Customer
5575407,Sandor,Hulme,shulmed6@slideshare.net,665-103-4524,Customer
6114429,Fernando,Nisuis,fnisuisd7@wikispaces.com,729-249-5557,Customer
4779166,Morlee,Niece,mnieced8@zimbio.com,934-418-0665,Customer
1993125,Amalee,Sangster,asangsterd9@washington.edu,635-456-5502,Customer
8426980,Nathalie,De Santos,ndesantosda@purevolume.com,769-443-7176,Customer
3824015,Mose,Archbell,marchbelldb@vkontakte.ru,645-842-8880,Customer
1002484,Durward,Kyle,dkyledc@nsw.gov.au,931-466-8540,Customer
4902872,Thomas,Inder,tinderdd@alibaba.com,829-205-7796,Customer
7277374,Erhard,Smallman,esmallmande@arizona.edu,714-815-4990,Customer
5741326,Ringo,Lupson,rlupsondf@senate.gov,839-601-7969,Customer
9418614,Gwendolyn,Geekie,ggeekiedg@cocolog-nifty.com,656-473-0987,Customer
2557857,Neely,Sponer,nsponerdh@cbsnews.com,380-679-1032,Customer
3523295,Kaja,Oganian,koganiandi@mysql.com,954-679-0145,Customer
1407141,Gaylor,Skerritt,gskerrittdj@mysql.com,303-945-9803,Customer
3751862,Arin,Monnelly,amonnellydk@answers.com,903-730-1408,Customer
8066390,Liza,Baynon,lbaynondl@hubpages.com,886-729-5400,Customer
2141230,Burr,Rayhill,brayhilldm@usda.gov,731-463-0591,Customer
5170379,Sofia,Roskrug,sroskrugdn@upenn.edu,579-242-7013,Customer
5810573,Hubie,Yitzovitz,hyitzovitzdo@newsvine.com,468-421-5853,Customer
4806431,Isis,Hoovart,ihoovartdp@toplist.cz,824-290-6491,Employee - CDN
5892707,Rayna,Dominichetti,rdominichettidq@webnode.com,954-234-1448,Customer
4783262,Bartolomeo,Presdie,bpresdiedr@ezinearticles.com,161-335-2823,Customer
8283848,Minette,O'Daly,modalyds@woothemes.com,359-177-6343,Customer
3999508,Ealasaid,Crepin,ecrepindt@prlog.org,427-704-1425,Customer
5393701,Woodrow,Friary,wfriarydu@digg.com,219-369-3065,Customer
7916439,Olin,Flageul,oflageuldv@networkadvertising.org,221-787-2119,Customer
8419020,Angelo,Meach,ameachdw@com.com,740-678-6327,Customer
2235621,Gracie,Crozier,gcrozierdx@google.com,144-357-2966,Customer
9965613,Bink,Kollach,bkollachdy@spotify.com,446-231-4232,Customer
9224922,Gradeigh,Odney,godneydz@mapy.cz,498-549-6273,Customer
9681525,Karalynn,Castanyer,kcastanyere0@uiuc.edu,139-936-3494,Customer
1787325,Lela,Rawes,lrawese1@google.com.br,359-524-9037,Customer
4659018,Fraser,Cranidge,fcranidgee2@netvibes.com,984-640-3114,Customer
9601733,Carmella,Kirsche,ckirschee3@stumbleupon.com,329-263-8682,Customer
9997539,Chicky,Schorah,cschorahe4@globo.com,121-229-3801,Customer
8676941,Sarita,I'anson,siansone5@hostgator.com,631-339-6442,Customer
4994501,Chere,McNea,cmcneae6@cafepress.com,888-897-1578,Customer
9005207,Ruben,Perfili,rperfilie7@deviantart.com,639-820-7539,Customer
7759316,Cherilynn,Geany,cgeanye8@java.com,375-897-7259,Customer
9452385,Emelda,Eighteen,eeighteene9@discuz.net,600-860-2074,Customer
8068465,Percival,Tampin,ptampinea@mtv.com,155-471-7042,Customer
9571138,Libbey,Zanitti,lzanittieb@51.la,354-350-5140,Customer
9331305,Kenn,Macrow,kmacrowec@studiopress.com,228-140-5854,Customer
1114793,Marya,Sugge,msuggeed@mit.edu,730-377-4904,Customer
7809751,Gavin,Halsall,ghalsallee@huffingtonpost.com,566-702-2794,Customer
8287544,Micaela,Sleigh,msleighef@hp.com,547-503-0956,Customer
5007870,Shari,Bend,sbendeg@vkontakte.ru,873-285-3829,Customer
8043973,Tremayne,Potteridge,tpotteridgeeh@ocn.ne.jp,851-684-5370,Customer
8943945,Worthington,Merriday,wmerridayei@google.ru,830-564-5849,Customer
2089158,Colene,Crosskill,ccrosskillej@yahoo.co.jp,229-713-2822,Customer
5952603,Conny,Gawkroge,cgawkrogeek@moonfruit.com,302-291-4254,Customer
2124874,Karim,Fendley,kfendleyel@cornell.edu,565-598-4261,Customer
7425971,Erastus,Sarrell,esarrellem@elpais.com,182-392-3039,Customer
7202695,Torie,Heinonen,theinonenen@yahoo.com,749-944-8633,Customer
2319850,Cullan,Donhardt,cdonhardteo@jalbum.net,714-636-4398,Customer
2336428,Twila,Hagger,thaggerep@opensource.org,529-779-1727,Customer
5265606,Isabella,Magenny,imagennyeq@blogs.com,604-489-9271,Customer
5872061,Nolan,Colchett,ncolchetter@shop-pro.jp,636-598-6584,Customer
2978067,Elisabetta,Niese,eniesees@webs.com,195-767-1120,Customer
3887933,Blisse,Layland,blaylandet@epa.gov,965-397-9773,Customer
9558834,Shepard,Backes,sbackeseu@illinois.edu,447-220-2619,Customer
9111184,Jared,Downey,jdowneyev@chronoengine.com,220-193-3342,Customer
2599939,Dav,McCaughran,dmccaughranew@google.fr,970-693-7497,Customer
4981782,Tammie,McKenna,tmckennaex@elegantthemes.com,821-207-5937,Customer
3897064,Alfi,Cadigan,acadiganey@mlb.com,132-779-3655,Customer
3683350,Gasparo,Fitt,gfittez@sun.com,314-453-8368,Customer
3557251,Alfreda,Keuning,akeuningf0@t-online.de,475-390-2344,Customer
8830536,Valencia,Reece,vreecef1@bbc.co.uk,203-840-7562,Customer
3318054,Emelda,Leverentz,eleverentzf2@addtoany.com,630-585-7923,Customer
6745162,Court,Stithe,cstithef3@phoca.cz,288-743-5185,Customer
8892404,Nobie,Cocke,ncockef4@xinhuanet.com,388-842-6612,Customer
5579172,Demeter,Laskey,dlaskeyf5@dailymail.co.uk,784-898-5496,Customer
7577354,Karol,Barby,kbarbyf6@techcrunch.com,561-360-3144,Customer
7144437,Shannen,Bondley,sbondleyf7@unblog.fr,640-206-3177,Customer
4597770,Genevra,Baldery,gbalderyf8@ucsd.edu,305-898-0676,Customer
5131982,Richart,MacArd,rmacardf9@wisc.edu,437-984-0441,Customer
7459218,Bartholemy,Dyte,bdytefa@istockphoto.com,577-880-2337,Customer
4197365,Bliss,Cattow,bcattowfb@163.com,406-849-9432,Customer
9384573,Maximo,Ashurst,mashurstfc@java.com,393-203-5143,Customer
6936149,Vasilis,Boulger,vboulgerfd@last.fm,408-488-5103,Customer
5341450,Barny,Babbs,bbabbsfe@moonfruit.com,880-886-5531,Customer
3942770,Felicio,Mundie,fmundieff@goodreads.com,558-389-4607,Customer
4983201,Quent,Greg,qgregfg@drupal.org,726-900-4267,Customer
4437156,Wallas,Klejin,wklejinfh@godaddy.com,499-606-7923,Customer
4232726,Kalie,Chichgar,kchichgarfi@unc.edu,695-620-0060,Customer
6978481,Tucky,Ferrieri,tferrierifj@vkontakte.ru,818-706-5982,Customer
8956953,Timmi,Woodfield,twoodfieldfk@si.edu,206-990-3422,Customer
9031347,Nathan,Ianiello,nianiellofl@studiopress.com,163-857-1985,Customer
2099236,Sheila-kathryn,McLelland,smclellandfm@cam.ac.uk,427-474-1584,Customer
2022249,Gamaliel,Sainer,gsainerfn@bloglovin.com,162-112-1756,Customer
3190049,Fawne,Slaymaker,fslaymakerfo@scientificamerican.com,370-718-7462,Customer
1467816,Lora,Jellico,ljellicofp@posterous.com,890-184-4272,Customer
5449131,Renelle,Wadmore,rwadmorefq@ovh.net,143-289-7408,Customer
1836737,Bank,Ephson,bephsonfr@over-blog.com,314-117-9047,Customer
5195091,Tabbie,Strut,tstrutfs@cornell.edu,386-204-0544,Customer
8447986,Krystyna,Treharne,ktreharneft@uiuc.edu,622-206-8229,Customer
6033971,Gerick,Crossgrove,gcrossgrovefu@newyorker.com,616-726-7596,Customer
2449458,Derrick,MacCague,dmaccaguefv@github.com,249-354-9550,Customer
2708269,Monro,Fronzek,mfronzekfw@twitter.com,391-409-8351,Customer
5851455,Martainn,McGiven,mmcgivenfx@wordpress.org,111-383-1498,Customer
7926695,Jock,Whitman,jwhitmanfy@networkadvertising.org,134-757-4373,Customer
5720078,Chad,O'Shevlin,coshevlinfz@cnet.com,341-195-7258,Customer
4221644,Stevena,Laird,slairdg0@nationalgeographic.com,963-564-6461,Customer
5892523,Massimo,Leggatt,mleggattg1@dailymail.co.uk,649-868-7623,Customer
2606342,Marietta,Lympany,mlympanyg2@wix.com,395-594-7508,Customer
5674752,Muire,Lofts,mloftsg3@blogtalkradio.com,408-492-7949,Customer
1202780,Riordan,Gumly,rgumlyg4@engadget.com,321-279-6063,Customer
5967919,Janel,Stenners,jstennersg5@reference.com,293-344-3081,Employee - CDN
5285764,Bord,Bernaldez,bbernaldezg6@mayoclinic.com,797-206-1374,Customer
9003130,Amelita,Scolts,ascoltsg7@liveinternet.ru,252-615-0624,Customer
7112548,Hermione,Dyett,hdyettg8@blog.com,240-885-2500,Employee - CDN
3302157,Asa,Berrisford,aberrisfordg9@irs.gov,742-929-2735,Customer
2665331,Brunhilde,Hawthorn,bhawthornga@amazon.co.uk,676-572-3297,Customer
4658005,Bernita,Start,bstartgb@mozilla.com,535-284-3443,Customer
1478831,Bird,Birkin,bbirkingc@gmpg.org,545-543-2040,Customer
2046623,Tomas,Dechelle,tdechellegd@google.ca,287-135-3418,Customer
9361311,Artur,Rumsey,arumseyge@cdc.gov,487-195-1428,Customer
2855736,Deeyn,Creed,dcreedgf@omniture.com,673-433-7073,Customer
9149169,Myron,Francescuccio,mfrancescucciogg@wikipedia.org,594-936-1295,Customer
7574098,Teodor,Carcass,tcarcassgh@cbslocal.com,494-500-6545,Customer
8686630,Lockwood,Beaman,lbeamangi@altervista.org,797-530-5839,Customer
7662463,Essy,Dwelling,edwellinggj@nsw.gov.au,658-955-9809,Customer
9239956,Mickie,Rodder,mroddergk@msn.com,905-138-4301,Customer
5540164,Weider,Girodon,wgirodongl@tuttocitta.it,640-305-5048,Customer
4007910,Oliver,Balmer,obalmergm@examiner.com,347-993-1516,Customer
7529785,Teddie,Shewsmith,tshewsmithgn@twitpic.com,233-254-0824,Customer
2447041,Alisa,Rizzardini,arizzardinigo@nih.gov,368-247-0822,Customer
6989850,Edmon,Barzen,ebarzengp@buzzfeed.com,577-284-6467,Customer
8449796,Zacharie,McCahill,zmccahillgq@army.mil,379-302-1182,Customer
8941803,Clement,Gillet,cgilletgr@globo.com,883-738-4235,Customer
8101077,Gillian,Loweth,glowethgs@cisco.com,274-324-8866,Customer
4505912,Michale,Dmych,mdmychgt@time.com,330-831-6635,Customer
4212761,Tedda,Stannard,tstannardgu@harvard.edu,941-300-9002,Customer
3704878,Evelyn,Fretson,efretsongv@artisteer.com,545-792-2218,Customer
1826824,Christophe,Skeeles,cskeelesgw@yahoo.com,349-356-9505,Employee - CDN
6314506,Winfield,Rosberg,wrosberggx@google.pl,888-330-0964,Customer
9564367,Kipp,Gatheridge,kgatheridgegy@ask.com,764-151-0886,Customer
5718046,Carree,Weller,cwellergz@usa.gov,122-638-4529,Customer
9211166,Fin,Fried,ffriedh0@marriott.com,607-144-0871,Customer
4586627,Othelia,Coulthard,ocoulthardh1@theguardian.com,679-419-4288,Customer
4990940,Dick,McDougle,dmcdougleh2@google.com.br,775-188-7197,Customer
4952364,Janela,Leblanc,jleblanch3@flickr.com,708-428-8396,Customer
4709137,Siusan,Ironside,sironsideh4@nymag.com,477-860-3331,Customer
3502926,Ransom,Pinck,rpinckh5@abc.net.au,635-850-4671,Customer
4419242,Lynsey,Farquarson,lfarquarsonh6@omniture.com,517-424-8832,Customer
9505171,Linnie,Tocher,ltocherh7@theguardian.com,918-822-1917,Customer
4251641,Helena,Earey,heareyh8@gmpg.org,372-354-3975,Customer
6554588,Ker,Reglar,kreglarh9@themeforest.net,215-663-7177,Customer
4811185,Brittaney,Carmody,bcarmodyha@state.tx.us,810-404-2564,Customer
2952061,Annetta,Chinery,achineryhb@netlog.com,261-593-2076,Customer
8827226,Judy,Enoksson,jenokssonhc@posterous.com,264-279-7774,Customer
9697057,Verene,Vauter,vvauterhd@plala.or.jp,116-540-0652,Customer
6505930,Letitia,Muehle,lmuehlehe@hibu.com,748-897-0951,Customer
4203858,Lewie,Jereatt,ljereatthf@google.cn,864-826-3210,Customer
1369218,Corty,Kemwal,ckemwalhg@example.com,913-251-0783,Customer
5614986,Eugine,Kristof,ekristofhh@cbslocal.com,244-482-8683,Customer
5942139,Gregoire,Noades,gnoadeshi@howstuffworks.com,653-274-6476,Customer
8624789,Chlo,Lycett,clycetthj@goo.ne.jp,323-976-1014,Customer
6207702,Bendicty,Crosbie,bcrosbiehk@liveinternet.ru,849-783-9151,Customer
5948784,Zelda,Cookes,zcookeshl@google.ca,651-978-6318,Customer
4681991,Orbadiah,Copson,ocopsonhm@tiny.cc,587-365-7750,Customer
3228167,Adele,Brislen,abrislenhn@soup.io,749-129-2478,Customer
4494818,Henrik,Jandourek,hjandourekho@cbc.ca,483-148-5648,Customer
8573590,Sarette,Petche,spetchehp@networksolutions.com,281-278-4848,Customer
3523110,Isak,Beilby,ibeilbyhq@chronoengine.com,931-335-8802,Customer
6107714,Amii,Toe,atoehr@china.com.cn,878-742-2984,Customer
1672643,Towny,Penner,tpennerhs@imdb.com,740-742-1887,Customer
6037409,Niall,Bonin,nboninht@marketwatch.com,254-446-6998,Customer
1578772,Ashlan,Northrop,anorthrophu@chronoengine.com,558-169-0135,Customer
1661741,Alonso,Jarnell,ajarnellhv@delicious.com,290-207-9486,Customer
6985638,Lanita,Prew,lprewhw@mlb.com,801-405-0595,Customer
2463783,Aloin,Webermann,awebermannhx@so-net.ne.jp,551-359-4960,Customer
2538992,Elsworth,Asker,easkerhy@bloglines.com,654-329-9160,Customer
2120837,Sigismundo,Alenichev,salenichevhz@si.edu,462-705-3789,Customer
1514655,Friedrick,Breydin,fbreydini0@flickr.com,656-130-3638,Customer
9708713,Meghan,Kinton,mkintoni1@nba.com,758-153-6455,Customer
6177622,Bendick,Poleye,bpoleyei2@sakura.ne.jp,610-308-4726,Customer
1186472,Harriette,Takkos,htakkosi3@wp.com,633-254-9731,Customer
1883081,Aubrey,Slinger,aslingeri4@baidu.com,563-681-9647,Customer
4097040,Arlen,Feather,afeatheri5@fc2.com,481-411-0829,Customer
9859565,Starlene,Kernell,skernelli6@tripadvisor.com,224-263-5638,Customer
6882562,Brigg,Wickardt,bwickardti7@senate.gov,707-440-8643,Customer
5917407,Lorinda,Dinnington,ldinningtoni8@flavors.me,924-561-8037,Customer
5673352,Rosemarie,Dall,rdalli9@who.int,284-563-8054,Customer
5273964,Riva,Clutram,rclutramia@japanpost.jp,510-597-9272,Customer
9325047,Katha,Joll,kjollib@creativecommons.org,398-136-7749,Customer
8970445,Heinrik,Powis,hpowisic@wikipedia.org,847-887-1975,Customer
5402032,Merissa,Tidcomb,mtidcombid@histats.com,806-818-6029,Customer
4118843,Levi,Knevett,lknevettie@epa.gov,208-832-0178,Customer
1916757,Claresta,Bittlestone,cbittlestoneif@1688.com,461-546-6546,Employee - CDN
6136903,Phylis,Hazlehurst,phazlehurstig@oaic.gov.au,756-160-8928,Customer
9312349,Sigismundo,Corneille,scorneilleih@huffingtonpost.com,680-504-5392,Customer
1687405,Sherwin,Shillabeer,sshillabeerii@army.mil,815-336-4237,Customer
5818025,Lulu,Esh,leshij@huffingtonpost.com,209-408-0324,Customer
6338848,Christine,O'Hartnett,cohartnettik@blogs.com,533-427-7544,Customer
5123857,Curr,Batchelor,cbatcheloril@engadget.com,384-528-1754,Customer
9737115,Marcelline,Titchard,mtitchardim@delicious.com,502-749-6327,Customer
3105334,Torrence,Scholtis,tscholtisin@stumbleupon.com,589-858-9659,Customer
2511688,Quintus,Keford,qkefordio@auda.org.au,931-561-9602,Customer
9022317,Stefano,Blumer,sblumerip@wired.com,515-586-2829,Customer
4831767,Rhea,Smaridge,rsmaridgeiq@webnode.com,632-470-1008,Customer
6630022,Gerri,Cartmael,gcartmaelir@java.com,769-131-3098,Customer
8372283,Winifield,Deroche,wderocheis@cargocollective.com,941-813-6181,Customer
3434359,Saleem,Earwicker,searwickerit@networksolutions.com,706-742-3452,Customer
3941918,Cariotta,Robathon,crobathoniu@wufoo.com,353-126-1681,Customer
7881471,Mattie,Davern,mdaverniv@devhub.com,575-983-8631,Customer
9024368,Marthena,Battams,mbattamsiw@is.gd,109-186-6207,Customer
8653727,Ambros,Oxlade,aoxladeix@studiopress.com,473-614-4975,Customer
5795075,Gaspard,Tunnah,gtunnahiy@google.co.jp,940-618-3625,Customer
2972019,Christal,Filipponi,cfilipponiiz@craigslist.org,706-832-7055,Customer
4393376,Amaleta,Tutt,atuttj0@harvard.edu,204-325-1721,Customer
4532483,Jessi,Crust,jcrustj1@utexas.edu,643-461-3818,Customer
9384057,Pepe,Bowich,pbowichj2@imageshack.us,378-310-5567,Customer
9814956,Denis,McGinnell,dmcginnellj3@networksolutions.com,741-943-9667,Customer
8467785,Lynnea,Abramzon,labramzonj4@sina.com.cn,368-752-2348,Customer
7322544,Minetta,Risby,mrisbyj5@instagram.com,981-272-7925,Customer
8824281,Cleo,Behan,cbehanj6@virginia.edu,858-709-5457,Customer
3007647,Ken,Brimham,kbrimhamj7@biglobe.ne.jp,697-343-6497,Customer
7634776,Borg,Egdal,begdalj8@wsj.com,735-173-7102,Customer
8932216,Avery,Gout,agoutj9@google.it,811-613-3490,Customer
6466203,Sinclair,Michal,smichalja@umich.edu,793-923-4908,Customer
8178460,Normie,Dahmke,ndahmkejb@abc.net.au,307-676-7315,Customer
8760698,Corabel,Wandrich,cwandrichjc@columbia.edu,231-836-6387,Customer
2539991,Hal,Toffoloni,htoffolonijd@mail.ru,572-163-3942,Customer
7993958,Nonna,Ivanikov,nivanikovje@theatlantic.com,954-147-9073,Customer
6026450,Rik,Ferrarese,rferraresejf@tamu.edu,156-396-0496,Customer
2011650,Giusto,Castellini,gcastellinijg@illinois.edu,705-147-2796,Customer
3398282,Nicol,Cassey,ncasseyjh@amazonaws.com,818-484-1002,Customer
2418053,Clark,Perez,cperezji@walmart.com,667-220-7970,Customer
5366502,Othilia,Shurrock,oshurrockjj@hp.com,535-211-8989,Customer
7039331,Stefania,Viggers,sviggersjk@trellian.com,753-942-3798,Customer
8114758,Gerianne,Hafford,ghaffordjl@clickbank.net,806-706-2739,Customer
3908422,Patric,Haskell,phaskelljm@webnode.com,492-355-1393,Customer
2609248,Kandace,Grise,kgrisejn@twitpic.com,796-703-3642,Customer
4555480,Bab,Pettingall,bpettingalljo@springer.com,855-774-8897,Customer
7908071,Othello,Shafier,oshafierjp@cdbaby.com,316-754-8814,Customer
2321583,Luciano,Savoury,lsavouryjq@slideshare.net,925-732-4959,Customer
7265625,Tansy,Idenden,tidendenjr@stanford.edu,245-868-5404,Customer
1997765,Paolo,Snape,psnapejs@oaic.gov.au,996-328-2934,Customer
6075924,Martie,Huccaby,mhuccabyjt@google.es,386-258-0861,Customer
2714127,Artus,Halfhead,ahalfheadju@japanpost.jp,749-758-3452,Customer
3015539,Irvin,Valenta,ivalentajv@opensource.org,365-844-7487,Customer
1553626,Verla,Golightly,vgolightlyjw@wiley.com,935-417-6317,Customer
3800982,Maximo,Itzcovichch,mitzcovichchjx@surveymonkey.com,759-488-6364,Customer
1632009,Rutledge,Buglass,rbuglassjy@blogs.com,501-816-6232,Customer
3803332,Adrien,Rodenhurst,arodenhurstjz@qq.com,178-650-3565,Customer
7051572,Euphemia,Jirasek,ejirasekk0@bbb.org,964-772-0544,Customer
7993781,Titos,Sjollema,tsjollemak1@blog.com,639-848-9192,Customer
1618217,Kary,Eite,keitek2@hc360.com,595-430-2169,Customer
6106362,Clive,Stummeyer,cstummeyerk3@bizjournals.com,567-193-5494,Customer
6200317,Maison,Sowersby,msowersbyk4@sohu.com,443-729-5096,Customer
7105818,Zechariah,Creane,zcreanek5@webmd.com,392-893-0608,Customer
6009405,Jess,McAirt,jmcairtk6@tripadvisor.com,910-837-1525,Customer
2107191,Charmion,Barbrick,cbarbrickk7@devhub.com,702-262-1007,Customer
7635695,Winne,Escofier,wescofierk8@economist.com,721-424-6275,Customer
4609679,Amalle,Papachristophorou,apapachristophorouk9@globo.com,575-739-8511,Customer
5342901,Irving,Arnhold,iarnholdka@ucoz.ru,777-820-9054,Customer
6621304,Karalee,Batchellor,kbatchellorkb@typepad.com,677-460-6053,Customer
1831214,Tory,Dust,tdustkc@a8.net,539-931-0477,Customer
3712594,Ardene,Gilburt,agilburtkd@histats.com,740-470-3070,Customer
5755091,Ambrose,Orrice,aorriceke@gnu.org,917-939-2336,Customer
6992317,Ave,Dmiterko,admiterkokf@furl.net,949-994-0541,Customer
6821134,Woody,Coolson,wcoolsonkg@google.ca,949-125-9777,Customer
2410065,Aimil,Klezmski,aklezmskikh@oracle.com,297-155-9911,Customer
5722954,Alon,Arens,aarenski@woothemes.com,281-124-5991,Customer
5070547,Lara,Cess,lcesskj@php.net,900-268-7267,Customer
2476776,Sibilla,Gley,sgleykk@facebook.com,622-154-1717,Customer
2905366,Sandy,Goldston,sgoldstonkl@ehow.com,405-616-8013,Customer
1190001,Cortney,Sheddan,csheddankm@comcast.net,720-932-7158,Customer
7607175,Dita,Borrington,dborringtonkn@naver.com,830-986-4875,Customer
9456545,Maury,Sugg,msuggko@last.fm,815-355-8271,Customer
5393112,Glen,Surgood,gsurgoodkp@java.com,945-160-3359,Customer
8563723,Chauncey,Charkham,ccharkhamkq@tinypic.com,343-407-3678,Customer
5214827,Trent,McBratney,tmcbratneykr@unicef.org,699-292-0903,Customer
8966404,Donnajean,Swigg,dswiggks@boston.com,334-503-5023,Customer
1818077,Hunter,Osmar,hosmarkt@sciencedirect.com,110-560-7328,Customer
2296664,Kinny,Pero,kperoku@yahoo.co.jp,958-351-4914,Customer
9474201,Althea,Klemenz,aklemenzkv@miibeian.gov.cn,820-996-9394,Customer
1950321,Evan,McComb,emccombkw@google.com.hk,393-428-4758,Customer
5271677,Sherman,Longmuir,slongmuirkx@pagesperso-orange.fr,754-899-0182,Customer
8192208,Farlee,Claibourn,fclaibournky@google.it,273-502-1766,Customer
5181667,Cristian,Martinho,cmartinhokz@constantcontact.com,516-284-7886,Customer
9998184,See,Levane,slevanel0@ustream.tv,709-544-8607,Customer
5337714,Seka,Older,solderl1@mashable.com,375-844-9229,Customer
9796362,Lenette,Eisenberg,leisenbergl2@house.gov,655-686-1621,Customer
4303596,Cos,Keeves,ckeevesl3@sciencedirect.com,307-340-0061,Customer
5257021,Mabelle,Ferneley,mferneleyl4@livejournal.com,945-711-8101,Customer
5935338,Rubina,Solman,rsolmanl5@zimbio.com,958-157-4837,Customer
9255444,Ed,O'Lagene,eolagenel6@a8.net,119-508-5041,Employee - CDN
4881598,Aimil,Vodden,avoddenl7@themeforest.net,748-896-8387,Customer
6944694,Andrea,Gooderridge,agooderridgel8@ox.ac.uk,469-491-5616,Customer
9219190,Joletta,Clutterham,jclutterhaml9@zimbio.com,209-297-6369,Customer
7777569,Veronique,Burwell,vburwellla@hostgator.com,375-524-2594,Customer
1755045,Erasmus,Falck,efalcklb@printfriendly.com,643-710-3554,Customer
3707410,Philipa,Facey,pfaceylc@woothemes.com,334-527-9300,Customer
8007157,Norine,Baird,nbairdld@earthlink.net,582-213-6909,Customer
8202698,Aymer,Yuryatin,ayuryatinle@weebly.com,671-162-0887,Employee - CDN
2120656,Aleda,Pattullo,apattullolf@theglobeandmail.com,836-315-7857,Customer
4300634,Tony,Sammon,tsammonlg@paypal.com,420-701-8337,Customer
1094820,Tabb,Burnet,tburnetlh@ustream.tv,779-391-7429,Customer
8042905,Berti,Petrus,bpetrusli@wired.com,266-614-0956,Customer
4695114,Neille,Chippindale,nchippindalelj@rambler.ru,696-342-2508,Customer
8017959,Risa,Paylie,rpaylielk@ebay.com,516-545-8532,Customer
5374189,Flossie,Adamkiewicz,fadamkiewiczll@hubpages.com,212-492-6194,Customer
1136708,Rasia,Smale,rsmalelm@163.com,986-789-3131,Customer
1067769,Carlyle,Sarginson,csarginsonln@nsw.gov.au,613-699-6879,Customer
6477156,Brittney,Brimley,bbrimleylo@xrea.com,938-561-4371,Customer
9920730,Xever,Sellor,xsellorlp@sitemeter.com,865-724-7780,Customer
8389078,Kaspar,Easson,keassonlq@msn.com,389-158-8329,Customer
4119642,Judy,MacCulloch,jmaccullochlr@dropbox.com,446-964-1177,Customer
3770471,Drew,Kanter,dkanterls@51.la,894-493-0003,Customer
1313659,Thibaut,Gerish,tgerishlt@so-net.ne.jp,954-408-6504,Customer
4514491,Kath,Kloska,kkloskalu@yahoo.com,984-714-6027,Customer
6203729,Loutitia,Lownds,llowndslv@theglobeandmail.com,701-775-9089,Customer
7742919,Adelaida,McLucas,amclucaslw@skype.com,108-825-1595,Customer
8299514,Isacco,Goodyear,igoodyearlx@intel.com,774-412-3804,Customer
8437411,Elliott,Fuller,efullerly@marriott.com,859-715-9276,Customer
8499618,Allianora,Risso,arissolz@drupal.org,982-305-7226,Customer
6823814,Branden,Hammatt,bhammattm0@smugmug.com,339-353-2205,Customer
6863287,Wilmer,Bazoche,wbazochem1@w3.org,951-159-8094,Customer
5752141,Byron,Culcheth,bculchethm2@japanpost.jp,624-537-9038,Customer
4900418,Augy,Nana,ananam3@zdnet.com,462-584-0299,Customer
3492290,Jaye,Teodoro,jteodorom4@webnode.com,617-957-2496,Customer
4683066,Gaultiero,Atton,gattonm5@digg.com,654-151-4277,Customer
6772664,Yovonnda,Mellmoth,ymellmothm6@sun.com,673-657-6025,Customer
6701023,Stesha,McVicar,smcvicarm7@intel.com,733-504-4175,Customer
9095771,Sutherland,Himsworth,shimsworthm8@oracle.com,169-430-1529,Customer
6511145,Elyn,Weaving,eweavingm9@about.com,850-450-0855,Customer
3780428,Raphael,Baudinot,rbaudinotma@phpbb.com,415-171-1167,Customer
3121978,Zachary,Flips,zflipsmb@census.gov,661-907-0153,Customer
7686131,Gretna,Pirdy,gpirdymc@noaa.gov,683-789-9997,Customer
7836947,Leeann,Gommery,lgommerymd@aol.com,198-520-2288,Customer
7359011,Nicolai,Corroyer,ncorroyerme@51.la,514-631-0590,Customer
5964094,Karin,Burt,kburtmf@youtube.com,942-689-1449,Customer
9777793,Michal,Gregg,mgreggmg@livejournal.com,583-532-5322,Customer
8273967,Augustina,Stert,astertmh@sogou.com,676-144-0673,Customer
5302903,Helen,Mapstone,hmapstonemi@nih.gov,869-529-7679,Customer
2721967,Kermie,Kegg,kkeggmj@cdbaby.com,972-474-8267,Customer
8089393,Sheffie,Cottie,scottiemk@ucsd.edu,970-939-4286,Employee - CDN
5911215,Jannel,Oleshunin,joleshuninml@cargocollective.com,900-601-8683,Customer
4763935,Esra,Lynskey,elynskeymm@fotki.com,634-516-4770,Customer
3165571,Spike,Knewstubb,sknewstubbmn@imdb.com,840-563-7072,Customer
4432677,Barrie,Floodgate,bfloodgatemo@imageshack.us,154-665-5824,Customer
3487085,Missie,Goodere,mgooderemp@deviantart.com,449-655-6518,Customer
2587958,Terry,Camble,tcamblemq@wp.com,168-304-6158,Customer
4849763,Dodie,Knath,dknathmr@engadget.com,116-520-0649,Customer
8562541,Ulrikaumeko,Bucktharp,ubucktharpms@unicef.org,655-684-1042,Customer
3165483,Beilul,Edmons,bedmonsmt@oaic.gov.au,431-600-9082,Customer
3861220,Romola,Mulvenna,rmulvennamu@ebay.co.uk,431-490-0672,Customer
6212585,Lawry,Guidera,lguideramv@google.it,659-871-4552,Customer
8351334,Roderic,Swayne,rswaynemw@ebay.com,702-980-4217,Customer
2059642,Rodd,Corkett,rcorkettmx@prweb.com,890-407-3687,Customer
4779578,Cull,Steven,cstevenmy@merriam-webster.com,248-794-5182,Customer
9484910,Correy,Mullinder,cmullindermz@ezinearticles.com,325-148-6234,Customer
7271711,Madonna,D'Hooge,mdhoogen0@deviantart.com,443-765-1274,Customer
4968221,Misty,Kinze,mkinzen1@e-recht24.de,194-924-4923,Customer
6455051,Joli,Mulleary,jmullearyn2@cdc.gov,772-948-1584,Customer
8938522,Gauthier,Boyda,gboydan3@merriam-webster.com,946-375-0488,Customer
7642879,Jacinthe,Jurisch,jjurischn4@statcounter.com,650-575-5712,Customer
3023761,Dominik,Haskur,dhaskurn5@miitbeian.gov.cn,310-432-3405,Customer
8846570,Lonni,Witchell,lwitchelln6@list-manage.com,239-960-8017,Customer
1870045,Louise,Lowy,llowyn7@usa.gov,851-111-3758,Customer
9367177,Lem,Basire,lbasiren8@wsj.com,475-808-4018,Customer
9073784,Stephan,Francescone,sfrancesconen9@bloglines.com,659-258-7110,Customer
1515043,Imelda,Jimmes,ijimmesna@dmoz.org,800-417-8231,Customer
1341486,Fletcher,Crevy,fcrevynb@nifty.com,426-611-8215,Customer
1879152,Phillida,Goburn,pgoburnnc@feedburner.com,962-410-9657,Customer
6699537,Valeria,Odeson,vodesonnd@washingtonpost.com,447-444-1629,Customer
1482509,Isidore,Rolfi,irolfine@howstuffworks.com,282-298-1495,Customer
8187575,Dorelia,Cherry,dcherrynf@nifty.com,109-810-5089,Customer
2829032,Ingrid,Mellenby,imellenbyng@spiegel.de,432-578-8959,Customer
8379364,Katrinka,Dawe,kdawenh@miitbeian.gov.cn,548-637-7127,Customer
7457867,Marya,Jeanequin,mjeanequinni@hubpages.com,945-617-8479,Customer
1529580,Kellie,Birt,kbirtnj@stumbleupon.com,335-718-2760,Customer
8107243,Orville,Breckwell,obreckwellnk@devhub.com,830-298-6449,Employee - CDN
5941946,Ferdy,Donnel,fdonnelnl@feedburner.com,729-295-3656,Customer
8443484,Lindi,Bein,lbeinnm@tripod.com,146-587-9278,Customer
8132789,Christiano,Awmack,cawmacknn@msn.com,901-807-9817,Customer
6304188,Erina,Kevlin,ekevlinno@timesonline.co.uk,131-967-0675,Customer
4142079,Andris,Greatreax,agreatreaxnp@uol.com.br,431-261-4731,Customer
8123485,Sandie,Haworth,shaworthnq@sourceforge.net,449-266-3948,Customer
8325039,Shirley,Mcasparan,smcasparannr@yale.edu,911-962-4099,Customer
3108262,Robby,Tardiff,rtardiffns@nature.com,844-789-6856,Customer
1768559,Tailor,Capaldi,tcapaldint@shop-pro.jp,441-757-9444,Customer
8808287,Ruthanne,Caltera,rcalteranu@canalblog.com,556-687-5387,Customer
9891235,Vikky,Kirkland,vkirklandnv@dyndns.org,188-502-7311,Customer
9128157,Lexi,Kuhne,lkuhnenw@phoca.cz,463-426-8892,Customer
3035368,Margo,Bayne,mbaynenx@state.gov,633-456-0918,Customer
6597381,Denver,Brundill,dbrundillny@ft.com,206-635-7579,Customer
3768421,Felizio,Bault,fbaultnz@yahoo.co.jp,702-206-7423,Customer
6391391,Dosi,Sandeson,dsandesono0@nih.gov,916-222-0096,Customer
9665281,Rora,Habbes,rhabbeso1@wordpress.org,975-119-8938,Customer
5405931,Murray,Yarrell,myarrello2@facebook.com,920-843-2646,Customer
6766271,Kurt,Kezar,kkezaro3@weebly.com,911-500-6426,Customer
1043103,Arny,Elson,aelsono4@nyu.edu,491-171-6273,Customer
6539633,Royal,Satchel,rsatchelo5@walmart.com,973-502-3891,Customer
3245476,Retha,Hansill,rhansillo6@ox.ac.uk,742-555-7317,Customer
8798017,Tansy,McKeon,tmckeono7@tiny.cc,395-400-7649,Customer
3793686,Willi,Raigatt,wraigatto8@hud.gov,234-513-8584,Customer
4732898,Gibb,Shaddick,gshaddicko9@fc2.com,623-426-2952,Customer
8982151,Meredith,Goold,mgooldoa@angelfire.com,138-333-2719,Customer
5788942,Bidget,Caig,bcaigob@abc.net.au,432-212-6750,Customer
6420653,Angus,Ketteringham,aketteringhamoc@bloglovin.com,233-510-7964,Customer
7869485,Gwenette,Whyteman,gwhytemanod@shop-pro.jp,562-163-5208,Customer
5819569,Susie,Bottleson,sbottlesonoe@patch.com,613-797-9793,Customer
2085758,Maryanne,Streat,mstreatof@biblegateway.com,320-734-6419,Employee - CDN
3330218,Jorey,Fraczek,jfraczekog@theglobeandmail.com,366-879-7928,Customer
3217284,Allix,Evitts,aevittsoh@blinklist.com,503-391-6436,Customer
3593089,Marcelle,Bruni,mbrunioi@ft.com,520-226-8222,Customer
8592225,Gerty,Jeskin,gjeskinoj@shinystat.com,321-754-9993,Customer
7172738,Mylo,Tackle,mtackleok@home.pl,842-470-9567,Customer
7547341,Lyssa,Boylund,lboylundol@usgs.gov,673-707-3129,Customer
9798881,Beauregard,Tolworth,btolworthom@walmart.com,919-508-2481,Customer
6060402,Ninnette,Bohin,nbohinon@smh.com.au,357-154-4887,Customer
6729075,Barny,Warder,bwarderoo@trellian.com,390-642-7315,Customer
6315963,Joly,Lerway,jlerwayop@tinyurl.com,662-222-2936,Customer
4895390,Andree,Thwaites,athwaitesoq@smh.com.au,370-770-4444,Customer
9930336,Heinrick,Tinn,htinnor@angelfire.com,595-394-4005,Customer
9511217,Alleen,Tipling,atiplingos@pagesperso-orange.fr,687-967-2445,Customer
8735951,Arin,Scandroot,ascandrootot@sphinn.com,460-908-9050,Customer
9019863,Loy,Hainge,lhaingeou@techcrunch.com,313-428-0869,Customer
5839091,Dacie,Hazeldean,dhazeldeanov@hatena.ne.jp,527-137-9435,Customer
8881313,Karie,Sitwell,ksitwellow@digg.com,363-567-2610,Customer
5794160,Warden,Spacey,wspaceyox@washington.edu,554-656-6913,Customer
7505498,Latrena,Camus,lcamusoy@hp.com,368-206-7289,Employee - CDN
6698359,Bobine,Rummins,brumminsoz@tmall.com,334-385-2210,Customer
2626751,Anna,D'Alesio,adalesiop0@paypal.com,211-978-1318,Customer
9922706,Beatrice,Idell,bidellp1@shareasale.com,319-398-3787,Customer
4115507,Tull,Shilstone,tshilstonep2@so-net.ne.jp,420-151-3750,Customer
1088037,Mycah,Philot,mphilotp3@youku.com,146-913-5607,Customer
1906085,Freddie,Pleace,fpleacep4@yolasite.com,690-851-2726,Customer
8794206,Aaron,Henrych,ahenrychp5@over-blog.com,543-777-4985,Customer
3389392,Gardener,Grimes,ggrimesp6@usda.gov,171-736-2182,Customer
2281256,Tonye,Sirey,tsireyp7@sakura.ne.jp,658-321-2354,Customer
8709278,Loria,Limmer,llimmerp8@google.pl,793-564-1148,Customer
8339511,Jacinthe,Andreou,jandreoup9@google.fr,615-794-1960,Customer
2358245,Mar,Dear,mdearpa@wordpress.org,337-727-8196,Customer
3492342,Merralee,Dunstall,mdunstallpb@miitbeian.gov.cn,793-947-3304,Customer
5736401,Elihu,Cozzi,ecozzipc@epa.gov,895-432-8933,Customer
6473777,Meade,Axford,maxfordpd@mysql.com,925-566-7399,Customer
2540357,Jaquelyn,Humburton,jhumburtonpe@hibu.com,339-708-2838,Customer
9197761,Myra,Farrey,mfarreypf@bbb.org,240-694-8481,Customer
1615367,Courtenay,Cluckie,ccluckiepg@ow.ly,269-663-3377,Customer
8430837,Saul,Collinson,scollinsonph@unicef.org,889-407-3643,Customer
2277030,Joaquin,Bullock,jbullockpi@google.de,802-346-3433,Customer
5245160,Norby,Thorburn,nthorburnpj@google.co.jp,974-123-4369,Customer
2975403,Marijn,Crimpe,mcrimpepk@zimbio.com,509-449-2436,Customer
8337062,Ettie,Lippitt,elippittpl@wikispaces.com,355-125-9147,Customer
7796269,Lidia,Avarne,lavarnepm@cloudflare.com,422-769-5433,Customer
1420567,Bree,Morais,bmoraispn@parallels.com,286-768-5460,Customer
3561821,Nanni,Hugk,nhugkpo@furl.net,449-959-3271,Customer
1170261,Kellby,Denekamp,kdenekamppp@apache.org,959-986-1223,Customer
2323112,Celestyna,Massy,cmassypq@wikipedia.org,142-436-4082,Customer
3682730,Sadye,Stringer,sstringerpr@washington.edu,465-472-6556,Customer
6490306,Kira,Rivaland,krivalandps@biblegateway.com,526-397-3536,Customer
9443583,Hendrik,Iacomi,hiacomipt@wsj.com,459-417-6856,Customer
3205883,Vernen,Clegg,vcleggpu@businessinsider.com,545-335-3452,Customer
8628105,Hale,Britner,hbritnerpv@privacy.gov.au,207-280-8291,Customer
9186491,Lester,McEntegart,lmcentegartpw@addthis.com,648-909-3116,Customer
7894085,Aron,Shortell,ashortellpx@g.co,704-355-0816,Customer
4830067,Harlene,McGall,hmcgallpy@dedecms.com,905-164-4738,Customer
2792139,Gaven,Hatherell,ghatherellpz@umn.edu,328-323-5724,Customer
2984719,Hussein,Brome,hbromeq0@scientificamerican.com,507-499-7774,Customer
3048320,Noella,MacSorley,nmacsorleyq1@zdnet.com,696-317-9692,Customer
8142303,Bronny,Yirrell,byirrellq2@cyberchimps.com,539-752-2484,Customer
4716215,Lawrence,Moxom,lmoxomq3@etsy.com,919-796-0936,Customer
9573264,Filip,Barsby,fbarsbyq4@harvard.edu,552-437-4228,Customer
9836022,Cristabel,Trethewey,ctretheweyq5@godaddy.com,287-854-5294,Customer
6110195,Shirl,Egar,segarq6@cbslocal.com,442-238-6540,Customer
8853507,Kattie,Parley,kparleyq7@engadget.com,866-143-7019,Customer
2085107,Tull,Leeke,tleekeq8@liveinternet.ru,159-322-5045,Customer
8765791,Felipa,Paslow,fpaslowq9@admin.ch,781-182-3662,Customer
3574646,Gerty,Maymond,gmaymondqa@aboutads.info,641-388-0619,Customer
7387154,Abbott,Ballinger,aballingerqb@google.com.au,392-422-8249,Customer
5715673,Traci,Jerams,tjeramsqc@cyberchimps.com,237-410-1532,Customer
2529273,Lin,Boothe,lbootheqd@opensource.org,401-525-2969,Customer
4362754,Gilbertina,Brownlee,gbrownleeqe@state.gov,458-103-2973,Customer
5363019,Tammi,McTeague,tmcteagueqf@creativecommons.org,993-643-2768,Customer
1760185,Jammal,Lippatt,jlippattqg@trellian.com,586-950-9741,Customer
7296999,Opal,Amort,oamortqh@whitehouse.gov,373-278-3456,Customer
9397419,Ardelle,Porch,aporchqi@telegraph.co.uk,547-673-7860,Customer
4060570,Noelle,Nester,nnesterqj@indiegogo.com,671-630-3551,Customer
5973539,Gaylor,Schaumann,gschaumannqk@cpanel.net,735-544-7620,Customer
2869650,Carmelia,Bice,cbiceql@nhs.uk,429-945-0372,Customer
1372472,Gabriell,Blamire,gblamireqm@a8.net,513-689-5950,Customer
2417578,Saraann,Padson,spadsonqn@dyndns.org,808-967-1957,Customer
1724568,Corbet,Averay,caverayqo@independent.co.uk,661-351-5858,Customer
7806877,Nevins,Westell,nwestellqp@unblog.fr,555-898-0386,Customer
8828444,Orrin,Capstick,ocapstickqq@sourceforge.net,239-477-8767,Customer
1176457,Bay,Crockley,bcrockleyqr@jiathis.com,314-327-4582,Customer
1008970,Mathilda,Tousy,mtousyqs@omniture.com,478-911-5378,Customer
9066515,Marne,Casaroli,mcasaroliqt@usnews.com,681-713-0008,Customer
5620276,Lotta,Fishleigh,lfishleighqu@ow.ly,849-887-9418,Customer
7639638,Cassaundra,Gildersleaves,cgildersleavesqv@unblog.fr,253-794-4893,Customer
1027828,Andy,Bullar,abullarqw@fc2.com,369-208-8614,Customer
4935659,Gawain,Bosomworth,gbosomworthqx@istockphoto.com,387-553-9668,Customer
3064557,Lowell,Bage,lbageqy@fda.gov,629-752-4796,Customer
5851242,Salome,Carlson,scarlsonqz@globo.com,453-458-1446,Customer
8474364,Jamill,Radcliffe,jradcliffer0@spotify.com,333-664-6349,Customer
4735861,Gerri,Dinley,gdinleyr1@jimdo.com,732-719-3899,Customer
8601009,Thorstein,O'Halleghane,tohalleghaner2@weibo.com,403-960-7487,Customer
4302959,Welch,Gascoyen,wgascoyenr3@vkontakte.ru,800-376-1262,Customer
9441742,Kermit,Bruna,kbrunar4@blog.com,724-293-9507,Customer
4427145,Matthiew,Pickavance,mpickavancer5@google.it,773-417-4956,Customer
8064368,Saunder,Ellam,sellamr6@pagesperso-orange.fr,278-960-7141,Customer
2180788,Haily,Draayer,hdraayerr7@ted.com,432-558-9483,Customer
4828210,Kerr,Pursey,kpurseyr8@de.vu,317-312-6370,Customer
3710185,Reeta,Caghan,rcaghanr9@apache.org,587-285-7360,Customer
2983647,Sidnee,Uppett,suppettra@mtv.com,740-231-8154,Customer
3863774,Pammi,Godsell,pgodsellrb@qq.com,176-680-8310,Customer
7707966,Meriel,Gleed,mgleedrc@weebly.com,501-392-7653,Customer
2836064,Janek,Gallaway,jgallawayrd@irs.gov,528-291-3296,Customer
4392529,Wyn,Scawen,wscawenre@list-manage.com,223-649-3491,Customer
5201251,Marlie,Rennicks,mrennicksrf@jugem.jp,647-870-7026,Customer
3184310,Cris,McNickle,cmcnicklerg@shop-pro.jp,426-978-4378,Customer
1258623,Cherianne,Fisher,cfisherrh@cargocollective.com,199-927-8733,Customer
6325244,Karola,Corballis,kcorballisri@vistaprint.com,477-854-7795,Customer
1053686,Hedy,Measor,hmeasorrj@toplist.cz,178-241-6903,Customer
7868341,Blaire,Lyndon,blyndonrk@infoseek.co.jp,715-932-6860,Customer
4676791,Mira,Martinolli,mmartinollirl@yolasite.com,514-488-7252,Customer
8503902,Ebenezer,Quinevan,equinevanrm@comcast.net,312-162-4507,Customer
4188515,Taite,Woolfall,twoolfallrn@nsw.gov.au,289-140-8659,Customer
2857606,Lorelle,Aupol,laupolro@geocities.com,396-858-6790,Customer
6535231,Stacee,Thyng,sthyngrp@jiathis.com,474-232-5235,Customer
5756823,Annabell,Adame,aadamerq@plala.or.jp,802-396-4545,Customer
9725528,Francklin,Lamborne,flambornerr@auda.org.au,137-919-5010,Customer
9998185,jayed,ahmed,jayed123@live.ca,514-271-0443,Employee - CDN